id,customer_email,expected_reply
1,"I want to cancel my subscription immediately. I'm not happy with the service at all.","We're sorry to hear you'd like to cancel, and we sincerely apologize for any inconvenience. Your satisfaction is our priority. Could you share what went wrong? We'd love the chance to make it right. If you'd still like to proceed, we'll cancel your account right away and ensure you're not billed further."
2,"I haven't received my order yet. It's been 10 days since I placed it. This is unacceptable.","We sincerely apologize for the delay — that's definitely not the experience we want for you. We've checked your order and it appears there may have been a shipping delay. We're escalating this to our fulfillment team right now and will send you updated tracking information within 24 hours. Thank you for your patience."
3,"Can I change my shipping address? I made a mistake when placing the order.","Absolutely! We'd be happy to update your shipping address. If your order hasn't shipped yet, we can make the change right away. Please reply with your order number and the correct address, and we'll take care of it immediately."
4,"I was charged twice for the same order. Please fix this immediately.","We're very sorry about the double charge — that should never have happened. We've flagged your account for our billing team and a full refund for the duplicate charge will be processed within 3–5 business days. You'll receive a confirmation email once it's done. We apologize for the inconvenience."
5,"Your product broke after just two weeks. I want a replacement.","We're so sorry to hear that — a product that breaks in two weeks is not acceptable, and we take full responsibility. We'd like to send you a replacement right away. Please share your order number and a brief description of the issue (a photo if possible), and we'll ship a new one at no cost to you."
6,"I need a refund. The product is not as described on your website.","We completely understand your frustration, and we're sorry the product didn't match what was advertised. You're entitled to a full refund. Please initiate a return through your account portal, and once we receive the item, your refund will be processed within 5–7 business days. We'll also look into updating the product description."
7,"How do I reset my password? I can't log into my account.","No worries — resetting your password is easy! Just go to our login page and click 'Forgot Password.' Enter the email address associated with your account, and we'll send you a reset link within a few minutes. If you don't see it, please check your spam folder. Let us know if you need further help!"
8,"I'd like to upgrade my plan. What are the options available?","Great to hear you're ready to upgrade! We offer three plans: Starter, Professional, and Enterprise. The Professional plan includes advanced analytics, priority support, and up to 10 team members. The Enterprise plan is fully customizable. I can arrange a quick call to walk you through the best option for your needs — just let me know what works for you!"
9,"I've been a loyal customer for 3 years and never got any discount. That's unfair.","Thank you so much for your loyalty over the past three years — it truly means a lot to us! You're absolutely right that long-term customers deserve recognition. We'd like to offer you a 20% discount on your next renewal as a token of our appreciation. We're also reviewing our loyalty program and will have more benefits to share soon."
10,"The app keeps crashing every time I try to open it on my iPhone.","We're sorry the app has been crashing — that must be very frustrating. Could you let us know which iPhone model you're using and your iOS version? In the meantime, please try force-closing the app and reopening it, or uninstalling and reinstalling the latest version. Our team is actively investigating crash reports and we'll keep you updated."
11,"I accidentally deleted my account. Can I recover it?","Oh no, we understand how stressful that must be! Depending on how recently it was deleted, we may be able to recover your account. Please send us the email address associated with the account and we'll check right away. Our team will do everything possible to restore your data."
12,"Do you offer a free trial? I want to try before I buy.","Yes, we do! You can start a 14-day free trial with no credit card required — full access to all features, no strings attached. Just sign up on our website and you'll be up and running in minutes. If you have any questions during your trial, our support team is always here to help!"
13,"I'm having trouble integrating your API with my application. The documentation is confusing.","We're sorry the documentation isn't clearer — your feedback is really valuable. For API integration, we recommend starting with our Quick Start Guide in the Developer section. We also have a dedicated developer support channel. If you share the specific error you're encountering, our technical team will provide step-by-step guidance."
14,"My invoice shows the wrong amount. I need this corrected before I can process payment.","We apologize for the billing error — let's get that corrected right away. Please share the invoice number and the discrepancy you've noticed. Our billing team will review it, issue a corrected invoice within 24 hours, and ensure the correct amount is reflected going forward."
15,"I want to downgrade my plan because I'm not using all the features.","We understand, and we're happy to help you right-size your plan. Downgrading is easy — we can adjust your subscription to a plan that better fits your current needs, effective from your next billing cycle. Would you like me to recommend the best option based on your usage? We want to make sure you're only paying for what you need."
16,"The delivery estimate said 3 days but it's been a week. Where is my package?","We're really sorry for the delay — that's well beyond the estimated delivery window. We've pulled up your order and are contacting the carrier right now to get a status update. We'll have more information for you within a few hours. If the package cannot be located, we'll send a replacement or issue a full refund immediately."
17,"I received a damaged item. The box was completely crushed.","We're so sorry you received a damaged item — that's unacceptable and we want to make this right immediately. Please don't worry about returning the damaged item. We'll ship a replacement to you right away. If you could share a quick photo of the damage, it helps us improve our packaging. We apologize for this experience."
18,"Can I add multiple users to my account? How does team access work?","Absolutely! Team access is one of our most popular features. Depending on your current plan, you can add between 5 and unlimited team members. Each user gets their own login with customizable permissions. Just go to Settings → Team Management to invite new members. If you need help setting up roles, our support team is happy to walk you through it."
19,"I'm not receiving your emails. I think I may have unsubscribed by mistake.","No worries — this is an easy fix! Please go to our website, log in, and navigate to Notification Preferences under your account settings. From there you can re-enable email notifications. Alternatively, if you let us know your email address, we can resubscribe you manually on our end right away."
20,"Your website is really slow. I can't complete my purchase.","We're sorry for the trouble — we know how frustrating a slow checkout experience can be. We're currently aware of some performance issues affecting a small number of users and our engineering team is actively working on a fix. In the meantime, you could try clearing your browser cache or using a different browser. We'll notify you as soon as it's resolved!"
21,"How do I export my data from your platform?","Exporting your data is simple! Navigate to Settings → Data & Privacy → Export Data. You can choose to export in CSV or JSON format, covering all your records. The export file will be emailed to you within a few minutes. If you run into any issues or need a specific format, just let us know!"
22,"I want to know your data privacy policy. Do you sell my data?","We take your privacy extremely seriously. We do not sell, rent, or share your personal data with third parties for marketing purposes — ever. Your data is used solely to provide and improve our service. You can read our full Privacy Policy on our website. If you have specific concerns or requests regarding your data, please don't hesitate to reach out."
23,"I'm getting an error message that says 'Payment Failed' but my bank says the money was deducted.","We're so sorry for this confusion — a payment failure with a bank deduction is definitely something we'll resolve for you urgently. Please share the transaction date, the amount, and your order ID. Our billing team will cross-reference with our payment processor and either confirm receipt or arrange an immediate refund. We'll update you within 2 hours."
24,"Can I get a tax invoice for my last three purchases? I need it for my business records.","Of course! Tax invoices are available for all purchases. You can download them directly from your account under Billing → Invoice History. If you need consolidated invoices or a specific format for your accounting system, please let us know and our billing team will prepare them for you within one business day."
25,"I've been waiting on hold for over an hour. Your phone support is terrible.","We sincerely apologize for the unacceptable wait time — an hour on hold is simply not okay, and we understand your frustration. We'd like to resolve whatever issue brought you to us right now, via this message. Please describe your concern and we'll treat it as our highest priority. We're also sharing your feedback with our support operations team to improve wait times immediately."
