id,customer_email,expected_reply,generated_reply
1,I want to cancel my subscription immediately. I'm not happy with the service at all.,"We're sorry to hear you'd like to cancel, and we sincerely apologize for any inconvenience. Your satisfaction is our priority. Could you share what went wrong? We'd love the chance to make it right. If you'd still like to proceed, we'll cancel your account right away and ensure you're not billed further.","We're sorry to hear you're unhappy with our service — that's not the experience we want for you. We'd like to understand what went wrong and see if there's anything we can do to improve. If you're still interested in canceling, please let us know and we'll process it immediately. You can also cancel yourself by going to your account settings and clicking on 'Subscription' then 'Cancel Subscription'. We appreciate your feedback and will use it to make necessary improvements."
2,I haven't received my order yet. It's been 10 days since I placed it. This is unacceptable.,We sincerely apologize for the delay — that's definitely not the experience we want for you. We've checked your order and it appears there may have been a shipping delay. We're escalating this to our fulfillment team right now and will send you updated tracking information within 24 hours. Thank you for your patience.,"We're deeply sorry for the delay in receiving your order — 10 days is far beyond our expected delivery time. We're looking into this immediately and will contact the carrier to get an update on the status of your package. If the package cannot be located, we'll send a replacement or issue a full refund right away. We appreciate your patience and will have more information for you within a few hours."
3,Can I change my shipping address? I made a mistake when placing the order.,"Absolutely! We'd be happy to update your shipping address. If your order hasn't shipped yet, we can make the change right away. Please reply with your order number and the correct address, and we'll take care of it immediately.","We're so sorry to hear you entered the wrong shipping address — we're here to help fix that. To update your shipping address, please reply to this email with the correct address. Our team will do their best to make the change before the order ships. If the order has already shipped, we'll work with you to find a solution. Please let us know the order number for quicker assistance."
4,I was charged twice for the same order. Please fix this immediately.,We're very sorry about the double charge — that should never have happened. We've flagged your account for our billing team and a full refund for the duplicate charge will be processed within 3–5 business days. You'll receive a confirmation email once it's done. We apologize for the inconvenience.,"We're so sorry for this error — being charged twice is not the experience we want for you. Please share the order ID and the dates of the duplicate charges. Our billing team will investigate this immediately, confirm the error, and process a refund for the duplicate charge within 24 hours."
5,Your product broke after just two weeks. I want a replacement.,"We're so sorry to hear that — a product that breaks in two weeks is not acceptable, and we take full responsibility. We'd like to send you a replacement right away. Please share your order number and a brief description of the issue (a photo if possible), and we'll ship a new one at no cost to you.","We're sorry to hear that our product broke after just two weeks — that's not the quality experience we strive to provide. We'd be happy to replace it for you. Please contact our support team through the portal to initiate a replacement request. We'll need some details from you to expedite the process. Your replacement will be shipped as soon as possible, and we'll also look into the issue to prevent it from happening in the future."
6,I need a refund. The product is not as described on your website.,"We completely understand your frustration, and we're sorry the product didn't match what was advertised. You're entitled to a full refund. Please initiate a return through your account portal, and once we receive the item, your refund will be processed within 5–7 business days. We'll also look into updating the product description.","We're sorry to hear that the product didn't meet your expectations — we take full responsibility for any discrepancies in our product descriptions. We'd like to make it right. Please share your order number and a brief description of the issue, and we'll guide you through our refund process. We'll review the description on our website to ensure it accurately represents the product."
7,How do I reset my password? I can't log into my account.,"No worries — resetting your password is easy! Just go to our login page and click 'Forgot Password.' Enter the email address associated with your account, and we'll send you a reset link within a few minutes. If you don't see it, please check your spam folder. Let us know if you need further help!","We're here to help you get back into your account! To reset your password, simply click the 'Forgot Password' link on our login page, enter the email address associated with your account, and follow the prompts. If you're having trouble, please let us know your email address and we'll send you a password reset link directly."
8,I'd like to upgrade my plan. What are the options available?,"Great to hear you're ready to upgrade! We offer three plans: Starter, Professional, and Enterprise. The Professional plan includes advanced analytics, priority support, and up to 10 team members. The Enterprise plan is fully customizable. I can arrange a quick call to walk you through the best option for your needs — just let me know what works for you!",We're excited to hear you're looking to upgrade your plan. We offer several options to help you scale and get more out of our service. I'd be happy to walk you through the available plans and recommend the best fit based on your current needs and goals. Would you like me to outline the options and their corresponding features so you can make an informed decision?
9,I've been a loyal customer for 3 years and never got any discount. That's unfair.,Thank you so much for your loyalty over the past three years — it truly means a lot to us! You're absolutely right that long-term customers deserve recognition. We'd like to offer you a 20% discount on your next renewal as a token of our appreciation. We're also reviewing our loyalty program and will have more benefits to share soon.,We appreciate your loyalty over the past 3 years and thank you for sharing your concern. We're sorry to hear you feel you haven't received the recognition you deserve. We'd like to make it right. We're reviewing our loyalty program and would be happy to offer you a one-time courtesy discount on your next purchase. We'll be in touch within the next 48 hours with more details.
10,The app keeps crashing every time I try to open it on my iPhone.,"We're sorry the app has been crashing — that must be very frustrating. Could you let us know which iPhone model you're using and your iOS version? In the meantime, please try force-closing the app and reopening it, or uninstalling and reinstalling the latest version. Our team is actively investigating crash reports and we'll keep you updated.","We're sorry to hear the app is crashing on your iPhone — that's not the experience we want you to have. Our development team is currently investigating this issue and working on a fix. In the meantime, could you please try restarting your iPhone or reinstalling the app to see if that resolves the issue? We'll also send you an update as soon as a new version of the app is available."
11,I accidentally deleted my account. Can I recover it?,"Oh no, we understand how stressful that must be! Depending on how recently it was deleted, we may be able to recover your account. Please send us the email address associated with the account and we'll check right away. Our team will do everything possible to restore your data.","Don't worry, accidents happen! If you've accidentally deleted your account, we may be able to help you recover it. Please reply with the email address associated with your account, and we'll check if it's still possible to restore your data. We'll do our best to get you back up and running as soon as possible."
12,Do you offer a free trial? I want to try before I buy.,"Yes, we do! You can start a 14-day free trial with no credit card required — full access to all features, no strings attached. Just sign up on our website and you'll be up and running in minutes. If you have any questions during your trial, our support team is always here to help!","We're glad you're interested in trying our service before committing. Yes, we do offer a free trial that gives you access to all our features for a limited time. You can sign up for the trial through our website, and it will automatically expire after the trial period ends. No credit card is required, and you can upgrade to a paid plan at any time during or after the trial. Would you like us to guide you through the sign-up process or answer any questions you have about the trial?"
13,I'm having trouble integrating your API with my application. The documentation is confusing.,"We're sorry the documentation isn't clearer — your feedback is really valuable. For API integration, we recommend starting with our Quick Start Guide in the Developer section. We also have a dedicated developer support channel. If you share the specific error you're encountering, our technical team will provide step-by-step guidance.","We're sorry to hear that our API documentation is causing confusion — integrating with our API should be straightforward. To help you get started, we can offer a step-by-step guide or a sample code snippet tailored to your application. Could you please share more details about your integration, such as the programming language you're using and the specific endpoint you're trying to connect to? This will help us provide more accurate assistance."
14,My invoice shows the wrong amount. I need this corrected before I can process payment.,"We apologize for the billing error — let's get that corrected right away. Please share the invoice number and the discrepancy you've noticed. Our billing team will review it, issue a corrected invoice within 24 hours, and ensure the correct amount is reflected going forward.","We apologize for the error on your invoice — an incorrect amount can definitely cause delays. Please share your order ID and the correct amount you were expecting to be charged. Our billing team will review and correct the invoice promptly. You'll receive an updated invoice within 24 hours, and then you can proceed with payment."
15,I want to downgrade my plan because I'm not using all the features.,"We understand, and we're happy to help you right-size your plan. Downgrading is easy — we can adjust your subscription to a plan that better fits your current needs, effective from your next billing cycle. Would you like me to recommend the best option based on your usage? We want to make sure you're only paying for what you need.","Sorry to hear you're not getting the most out of your current plan. We're happy to help you downgrade to a plan that better fits your needs. Before we make the change, can you tell us which features you're not using? This will help us ensure you're moving to the right plan. We can then adjust your subscription accordingly and make sure you're not overpaying for features you don't need."
16,The delivery estimate said 3 days but it's been a week. Where is my package?,"We're really sorry for the delay — that's well beyond the estimated delivery window. We've pulled up your order and are contacting the carrier right now to get a status update. We'll have more information for you within a few hours. If the package cannot be located, we'll send a replacement or issue a full refund immediately.",We apologize for the delay in receiving your package — we understand how frustrating that can be. We've checked on the status of your order and it appears there may have been an unexpected delay. We're looking into this further and will send you an update with the latest tracking information within the next 24 hours. Thank you for your patience and please let us know if you have any other questions.
17,I received a damaged item. The box was completely crushed.,"We're so sorry you received a damaged item — that's unacceptable and we want to make this right immediately. Please don't worry about returning the damaged item. We'll ship a replacement to you right away. If you could share a quick photo of the damage, it helps us improve our packaging. We apologize for this experience.","We're deeply sorry to hear that your item arrived damaged — that's not the experience we want for you. A crushed box is unacceptable, and we take full responsibility. We'd like to send you a replacement right away. Please share your order number and a photo of the damaged item, and we'll ship a new one at no cost to you within the next 24 hours."
18,Can I add multiple users to my account? How does team access work?,"Absolutely! Team access is one of our most popular features. Depending on your current plan, you can add between 5 and unlimited team members. Each user gets their own login with customizable permissions. Just go to Settings → Team Management to invite new members. If you need help setting up roles, our support team is happy to walk you through it.","We're happy to help you with team access! Yes, you can add multiple users to your account. Our platform allows you to invite team members and control their permissions. To get started, go to your account settings and click on 'Team Management.' From there, you can add new users and assign roles. If you need help with the process or have questions about our team features, feel free to ask and we'll be glad to assist you."
19,I'm not receiving your emails. I think I may have unsubscribed by mistake.,"No worries — this is an easy fix! Please go to our website, log in, and navigate to Notification Preferences under your account settings. From there you can re-enable email notifications. Alternatively, if you let us know your email address, we can resubscribe you manually on our end right away.","We're sorry to hear you're not receiving our emails. It's possible you may have unsubscribed accidentally. We're here to help you get back on track. To assist you, could you please confirm your email address associated with your account? We'll check our system and help you resubscribe if needed, ensuring you receive important updates and information from us again."
20,Your website is really slow. I can't complete my purchase.,"We're sorry for the trouble — we know how frustrating a slow checkout experience can be. We're currently aware of some performance issues affecting a small number of users and our engineering team is actively working on a fix. In the meantime, you could try clearing your browser cache or using a different browser. We'll notify you as soon as it's resolved!","We're sorry to hear our website is running slow for you, and we appreciate your patience. We understand how frustrating it can be when you're trying to complete a purchase. Our technical team is on it, working to resolve the issue as quickly as possible. In the meantime, if you'd like, we can also assist you with completing your purchase via this message or over the phone to ensure you don't miss out on your desired items."
21,How do I export my data from your platform?,"Exporting your data is simple! Navigate to Settings → Data & Privacy → Export Data. You can choose to export in CSV or JSON format, covering all your records. The export file will be emailed to you within a few minutes. If you run into any issues or need a specific format, just let us know!","We're happy to help you export your data. You can easily download your data from our platform by going to the Settings section and clicking on 'Data Export'. This will allow you to export your data in a format that's convenient for you. If you need assistance or have specific requirements, please let us know and we'll guide you through the process."
22,I want to know your data privacy policy. Do you sell my data?,"We take your privacy extremely seriously. We do not sell, rent, or share your personal data with third parties for marketing purposes — ever. Your data is used solely to provide and improve our service. You can read our full Privacy Policy on our website. If you have specific concerns or requests regarding your data, please don't hesitate to reach out.","We take data privacy very seriously. You can find our detailed data privacy policy on our website under 'Terms & Conditions' or directly through this link: [link to policy]. We do not sell your data to any third parties. If you have specific questions or concerns about how we handle your information, please let us know and we'll be happy to address them."
23,I'm getting an error message that says 'Payment Failed' but my bank says the money was deducted.,"We're so sorry for this confusion — a payment failure with a bank deduction is definitely something we'll resolve for you urgently. Please share the transaction date, the amount, and your order ID. Our billing team will cross-reference with our payment processor and either confirm receipt or arrange an immediate refund. We'll update you within 2 hours.",We apologize for the confusion with your payment — that's not the experience we want you to have. It seems there might have been a discrepancy between our system and your bank's. Please share a screenshot of the error message and your transaction details so our billing team can investigate this further. We'll work to resolve the issue and ensure your account is updated correctly within the next 24 hours.
24,Can I get a tax invoice for my last three purchases? I need it for my business records.,"Of course! Tax invoices are available for all purchases. You can download them directly from your account under Billing → Invoice History. If you need consolidated invoices or a specific format for your accounting system, please let us know and our billing team will prepare them for you within one business day.","We're happy to help you with the tax invoices for your recent purchases. To ensure we provide the correct documents, could you please share the order numbers or dates of the last three purchases you'd like invoices for? Our team will generate the tax invoices and send them over to you within the next 24 hours."
25,I've been waiting on hold for over an hour. Your phone support is terrible.,"We sincerely apologize for the unacceptable wait time — an hour on hold is simply not okay, and we understand your frustration. We'd like to resolve whatever issue brought you to us right now, via this message. Please describe your concern and we'll treat it as our highest priority. We're also sharing your feedback with our support operations team to improve wait times immediately.","We apologize for the frustrating wait you're experiencing with our phone support. That's not the level of service we strive to provide. We're going to look into this and see what happened. In the meantime, I'd be happy to assist you with your issue via email. Can you please tell me a bit more about what you're calling about so I can help resolve it for you?"
